date_id,date,year,quarter,month,month_name,week,day,day_name,is_weekend,fiscal_year
1,2022-01-01,2022,1,1,January,52,1,Saturday,True,2021
2,2022-01-02,2022,1,1,January,52,2,Sunday,True,2021
3,2022-01-03,2022,1,1,January,1,3,Monday,False,2021
4,2022-01-04,2022,1,1,January,1,4,Tuesday,False,2021
5,2022-01-05,2022,1,1,January,1,5,Wednesday,False,2021
6,2022-01-06,2022,1,1,January,1,6,Thursday,False,2021
7,2022-01-07,2022,1,1,January,1,7,Friday,False,2021
8,2022-01-08,2022,1,1,January,1,8,Saturday,True,2021
9,2022-01-09,2022,1,1,January,1,9,Sunday,True,2021
10,2022-01-10,2022,1,1,January,2,10,Monday,False,2021
11,2022-01-11,2022,1,1,January,2,11,Tuesday,False,2021
12,2022-01-12,2022,1,1,January,2,12,Wednesday,False,2021
13,2022-01-13,2022,1,1,January,2,13,Thursday,False,2021
14,2022-01-14,2022,1,1,January,2,14,Friday,False,2021
15,2022-01-15,2022,1,1,January,2,15,Saturday,True,2021
16,2022-01-16,2022,1,1,January,2,16,Sunday,True,2021
17,2022-01-17,2022,1,1,January,3,17,Monday,False,2021
18,2022-01-18,2022,1,1,January,3,18,Tuesday,False,2021
19,2022-01-19,2022,1,1,January,3,19,Wednesday,False,2021
20,2022-01-20,2022,1,1,January,3,20,Thursday,False,2021
21,2022-01-21,2022,1,1,January,3,21,Friday,False,2021
22,2022-01-22,2022,1,1,January,3,22,Saturday,True,2021
23,2022-01-23,2022,1,1,January,3,23,Sunday,True,2021
24,2022-01-24,2022,1,1,January,4,24,Monday,False,2021
25,2022-01-25,2022,1,1,January,4,25,Tuesday,False,2021
26,2022-01-26,2022,1,1,January,4,26,Wednesday,False,2021
27,2022-01-27,2022,1,1,January,4,27,Thursday,False,2021
28,2022-01-28,2022,1,1,January,4,28,Friday,False,2021
29,2022-01-29,2022,1,1,January,4,29,Saturday,True,2021
30,2022-01-30,2022,1,1,January,4,30,Sunday,True,2021
31,2022-01-31,2022,1,1,January,5,31,Monday,False,2021
32,2022-02-01,2022,1,2,February,5,1,Tuesday,False,2021
33,2022-02-02,2022,1,2,February,5,2,Wednesday,False,2021
34,2022-02-03,2022,1,2,February,5,3,Thursday,False,2021
35,2022-02-04,2022,1,2,February,5,4,Friday,False,2021
36,2022-02-05,2022,1,2,February,5,5,Saturday,True,2021
37,2022-02-06,2022,1,2,February,5,6,Sunday,True,2021
38,2022-02-07,2022,1,2,February,6,7,Monday,False,2021
39,2022-02-08,2022,1,2,February,6,8,Tuesday,False,2021
40,2022-02-09,2022,1,2,February,6,9,Wednesday,False,2021
41,2022-02-10,2022,1,2,February,6,10,Thursday,False,2021
42,2022-02-11,2022,1,2,February,6,11,Friday,False,2021
43,2022-02-12,2022,1,2,February,6,12,Saturday,True,2021
44,2022-02-13,2022,1,2,February,6,13,Sunday,True,2021
45,2022-02-14,2022,1,2,February,7,14,Monday,False,2021
46,2022-02-15,2022,1,2,February,7,15,Tuesday,False,2021
47,2022-02-16,2022,1,2,February,7,16,Wednesday,False,2021
48,2022-02-17,2022,1,2,February,7,17,Thursday,False,2021
49,2022-02-18,2022,1,2,February,7,18,Friday,False,2021
50,2022-02-19,2022,1,2,February,7,19,Saturday,True,2021
51,2022-02-20,2022,1,2,February,7,20,Sunday,True,2021
52,2022-02-21,2022,1,2,February,8,21,Monday,False,2021
53,2022-02-22,2022,1,2,February,8,22,Tuesday,False,2021
54,2022-02-23,2022,1,2,February,8,23,Wednesday,False,2021
55,2022-02-24,2022,1,2,February,8,24,Thursday,False,2021
56,2022-02-25,2022,1,2,February,8,25,Friday,False,2021
57,2022-02-26,2022,1,2,February,8,26,Saturday,True,2021
58,2022-02-27,2022,1,2,February,8,27,Sunday,True,2021
59,2022-02-28,2022,1,2,February,9,28,Monday,False,2021
60,2022-03-01,2022,1,3,March,9,1,Tuesday,False,2021
61,2022-03-02,2022,1,3,March,9,2,Wednesday,False,2021
62,2022-03-03,2022,1,3,March,9,3,Thursday,False,2021
63,2022-03-04,2022,1,3,March,9,4,Friday,False,2021
64,2022-03-05,2022,1,3,March,9,5,Saturday,True,2021
65,2022-03-06,2022,1,3,March,9,6,Sunday,True,2021
66,2022-03-07,2022,1,3,March,10,7,Monday,False,2021
67,2022-03-08,2022,1,3,March,10,8,Tuesday,False,2021
68,2022-03-09,2022,1,3,March,10,9,Wednesday,False,2021
69,2022-03-10,2022,1,3,March,10,10,Thursday,False,2021
70,2022-03-11,2022,1,3,March,10,11,Friday,False,2021
71,2022-03-12,2022,1,3,March,10,12,Saturday,True,2021
72,2022-03-13,2022,1,3,March,10,13,Sunday,True,2021
73,2022-03-14,2022,1,3,March,11,14,Monday,False,2021
74,2022-03-15,2022,1,3,March,11,15,Tuesday,False,2021
75,2022-03-16,2022,1,3,March,11,16,Wednesday,False,2021
76,2022-03-17,2022,1,3,March,11,17,Thursday,False,2021
77,2022-03-18,2022,1,3,March,11,18,Friday,False,2021
78,2022-03-19,2022,1,3,March,11,19,Saturday,True,2021
79,2022-03-20,2022,1,3,March,11,20,Sunday,True,2021
80,2022-03-21,2022,1,3,March,12,21,Monday,False,2021
81,2022-03-22,2022,1,3,March,12,22,Tuesday,False,2021
82,2022-03-23,2022,1,3,March,12,23,Wednesday,False,2021
83,2022-03-24,2022,1,3,March,12,24,Thursday,False,2021
84,2022-03-25,2022,1,3,March,12,25,Friday,False,2021
85,2022-03-26,2022,1,3,March,12,26,Saturday,True,2021
86,2022-03-27,2022,1,3,March,12,27,Sunday,True,2021
87,2022-03-28,2022,1,3,March,13,28,Monday,False,2021
88,2022-03-29,2022,1,3,March,13,29,Tuesday,False,2021
89,2022-03-30,2022,1,3,March,13,30,Wednesday,False,2021
90,2022-03-31,2022,1,3,March,13,31,Thursday,False,2021
91,2022-04-01,2022,2,4,April,13,1,Friday,False,2022
92,2022-04-02,2022,2,4,April,13,2,Saturday,True,2022
93,2022-04-03,2022,2,4,April,13,3,Sunday,True,2022
94,2022-04-04,2022,2,4,April,14,4,Monday,False,2022
95,2022-04-05,2022,2,4,April,14,5,Tuesday,False,2022
96,2022-04-06,2022,2,4,April,14,6,Wednesday,False,2022
97,2022-04-07,2022,2,4,April,14,7,Thursday,False,2022
98,2022-04-08,2022,2,4,April,14,8,Friday,False,2022
99,2022-04-09,2022,2,4,April,14,9,Saturday,True,2022
100,2022-04-10,2022,2,4,April,14,10,Sunday,True,2022
101,2022-04-11,2022,2,4,April,15,11,Monday,False,2022
102,2022-04-12,2022,2,4,April,15,12,Tuesday,False,2022
103,2022-04-13,2022,2,4,April,15,13,Wednesday,False,2022
104,2022-04-14,2022,2,4,April,15,14,Thursday,False,2022
105,2022-04-15,2022,2,4,April,15,15,Friday,False,2022
106,2022-04-16,2022,2,4,April,15,16,Saturday,True,2022
107,2022-04-17,2022,2,4,April,15,17,Sunday,True,2022
108,2022-04-18,2022,2,4,April,16,18,Monday,False,2022
109,2022-04-19,2022,2,4,April,16,19,Tuesday,False,2022
110,2022-04-20,2022,2,4,April,16,20,Wednesday,False,2022
111,2022-04-21,2022,2,4,April,16,21,Thursday,False,2022
112,2022-04-22,2022,2,4,April,16,22,Friday,False,2022
113,2022-04-23,2022,2,4,April,16,23,Saturday,True,2022
114,2022-04-24,2022,2,4,April,16,24,Sunday,True,2022
115,2022-04-25,2022,2,4,April,17,25,Monday,False,2022
116,2022-04-26,2022,2,4,April,17,26,Tuesday,False,2022
117,2022-04-27,2022,2,4,April,17,27,Wednesday,False,2022
118,2022-04-28,2022,2,4,April,17,28,Thursday,False,2022
119,2022-04-29,2022,2,4,April,17,29,Friday,False,2022
120,2022-04-30,2022,2,4,April,17,30,Saturday,True,2022
121,2022-05-01,2022,2,5,May,17,1,Sunday,True,2022
122,2022-05-02,2022,2,5,May,18,2,Monday,False,2022
123,2022-05-03,2022,2,5,May,18,3,Tuesday,False,2022
124,2022-05-04,2022,2,5,May,18,4,Wednesday,False,2022
125,2022-05-05,2022,2,5,May,18,5,Thursday,False,2022
126,2022-05-06,2022,2,5,May,18,6,Friday,False,2022
127,2022-05-07,2022,2,5,May,18,7,Saturday,True,2022
128,2022-05-08,2022,2,5,May,18,8,Sunday,True,2022
129,2022-05-09,2022,2,5,May,19,9,Monday,False,2022
130,2022-05-10,2022,2,5,May,19,10,Tuesday,False,2022
131,2022-05-11,2022,2,5,May,19,11,Wednesday,False,2022
132,2022-05-12,2022,2,5,May,19,12,Thursday,False,2022
133,2022-05-13,2022,2,5,May,19,13,Friday,False,2022
134,2022-05-14,2022,2,5,May,19,14,Saturday,True,2022
135,2022-05-15,2022,2,5,May,19,15,Sunday,True,2022
136,2022-05-16,2022,2,5,May,20,16,Monday,False,2022
137,2022-05-17,2022,2,5,May,20,17,Tuesday,False,2022
138,2022-05-18,2022,2,5,May,20,18,Wednesday,False,2022
139,2022-05-19,2022,2,5,May,20,19,Thursday,False,2022
140,2022-05-20,2022,2,5,May,20,20,Friday,False,2022
141,2022-05-21,2022,2,5,May,20,21,Saturday,True,2022
142,2022-05-22,2022,2,5,May,20,22,Sunday,True,2022
143,2022-05-23,2022,2,5,May,21,23,Monday,False,2022
144,2022-05-24,2022,2,5,May,21,24,Tuesday,False,2022
145,2022-05-25,2022,2,5,May,21,25,Wednesday,False,2022
146,2022-05-26,2022,2,5,May,21,26,Thursday,False,2022
147,2022-05-27,2022,2,5,May,21,27,Friday,False,2022
148,2022-05-28,2022,2,5,May,21,28,Saturday,True,2022
149,2022-05-29,2022,2,5,May,21,29,Sunday,True,2022
150,2022-05-30,2022,2,5,May,22,30,Monday,False,2022
151,2022-05-31,2022,2,5,May,22,31,Tuesday,False,2022
152,2022-06-01,2022,2,6,June,22,1,Wednesday,False,2022
153,2022-06-02,2022,2,6,June,22,2,Thursday,False,2022
154,2022-06-03,2022,2,6,June,22,3,Friday,False,2022
155,2022-06-04,2022,2,6,June,22,4,Saturday,True,2022
156,2022-06-05,2022,2,6,June,22,5,Sunday,True,2022
157,2022-06-06,2022,2,6,June,23,6,Monday,False,2022
158,2022-06-07,2022,2,6,June,23,7,Tuesday,False,2022
159,2022-06-08,2022,2,6,June,23,8,Wednesday,False,2022
160,2022-06-09,2022,2,6,June,23,9,Thursday,False,2022
161,2022-06-10,2022,2,6,June,23,10,Friday,False,2022
162,2022-06-11,2022,2,6,June,23,11,Saturday,True,2022
163,2022-06-12,2022,2,6,June,23,12,Sunday,True,2022
164,2022-06-13,2022,2,6,June,24,13,Monday,False,2022
165,2022-06-14,2022,2,6,June,24,14,Tuesday,False,2022
166,2022-06-15,2022,2,6,June,24,15,Wednesday,False,2022
167,2022-06-16,2022,2,6,June,24,16,Thursday,False,2022
168,2022-06-17,2022,2,6,June,24,17,Friday,False,2022
169,2022-06-18,2022,2,6,June,24,18,Saturday,True,2022
170,2022-06-19,2022,2,6,June,24,19,Sunday,True,2022
171,2022-06-20,2022,2,6,June,25,20,Monday,False,2022
172,2022-06-21,2022,2,6,June,25,21,Tuesday,False,2022
173,2022-06-22,2022,2,6,June,25,22,Wednesday,False,2022
174,2022-06-23,2022,2,6,June,25,23,Thursday,False,2022
175,2022-06-24,2022,2,6,June,25,24,Friday,False,2022
176,2022-06-25,2022,2,6,June,25,25,Saturday,True,2022
177,2022-06-26,2022,2,6,June,25,26,Sunday,True,2022
178,2022-06-27,2022,2,6,June,26,27,Monday,False,2022
179,2022-06-28,2022,2,6,June,26,28,Tuesday,False,2022
180,2022-06-29,2022,2,6,June,26,29,Wednesday,False,2022
181,2022-06-30,2022,2,6,June,26,30,Thursday,False,2022
182,2022-07-01,2022,3,7,July,26,1,Friday,False,2022
183,2022-07-02,2022,3,7,July,26,2,Saturday,True,2022
184,2022-07-03,2022,3,7,July,26,3,Sunday,True,2022
185,2022-07-04,2022,3,7,July,27,4,Monday,False,2022
186,2022-07-05,2022,3,7,July,27,5,Tuesday,False,2022
187,2022-07-06,2022,3,7,July,27,6,Wednesday,False,2022
188,2022-07-07,2022,3,7,July,27,7,Thursday,False,2022
189,2022-07-08,2022,3,7,July,27,8,Friday,False,2022
190,2022-07-09,2022,3,7,July,27,9,Saturday,True,2022
191,2022-07-10,2022,3,7,July,27,10,Sunday,True,2022
192,2022-07-11,2022,3,7,July,28,11,Monday,False,2022
193,2022-07-12,2022,3,7,July,28,12,Tuesday,False,2022
194,2022-07-13,2022,3,7,July,28,13,Wednesday,False,2022
195,2022-07-14,2022,3,7,July,28,14,Thursday,False,2022
196,2022-07-15,2022,3,7,July,28,15,Friday,False,2022
197,2022-07-16,2022,3,7,July,28,16,Saturday,True,2022
198,2022-07-17,2022,3,7,July,28,17,Sunday,True,2022
199,2022-07-18,2022,3,7,July,29,18,Monday,False,2022
200,2022-07-19,2022,3,7,July,29,19,Tuesday,False,2022
201,2022-07-20,2022,3,7,July,29,20,Wednesday,False,2022
202,2022-07-21,2022,3,7,July,29,21,Thursday,False,2022
203,2022-07-22,2022,3,7,July,29,22,Friday,False,2022
204,2022-07-23,2022,3,7,July,29,23,Saturday,True,2022
205,2022-07-24,2022,3,7,July,29,24,Sunday,True,2022
206,2022-07-25,2022,3,7,July,30,25,Monday,False,2022
207,2022-07-26,2022,3,7,July,30,26,Tuesday,False,2022
208,2022-07-27,2022,3,7,July,30,27,Wednesday,False,2022
209,2022-07-28,2022,3,7,July,30,28,Thursday,False,2022
210,2022-07-29,2022,3,7,July,30,29,Friday,False,2022
211,2022-07-30,2022,3,7,July,30,30,Saturday,True,2022
212,2022-07-31,2022,3,7,July,30,31,Sunday,True,2022
213,2022-08-01,2022,3,8,August,31,1,Monday,False,2022
214,2022-08-02,2022,3,8,August,31,2,Tuesday,False,2022
215,2022-08-03,2022,3,8,August,31,3,Wednesday,False,2022
216,2022-08-04,2022,3,8,August,31,4,Thursday,False,2022
217,2022-08-05,2022,3,8,August,31,5,Friday,False,2022
218,2022-08-06,2022,3,8,August,31,6,Saturday,True,2022
219,2022-08-07,2022,3,8,August,31,7,Sunday,True,2022
220,2022-08-08,2022,3,8,August,32,8,Monday,False,2022
221,2022-08-09,2022,3,8,August,32,9,Tuesday,False,2022
222,2022-08-10,2022,3,8,August,32,10,Wednesday,False,2022
223,2022-08-11,2022,3,8,August,32,11,Thursday,False,2022
224,2022-08-12,2022,3,8,August,32,12,Friday,False,2022
225,2022-08-13,2022,3,8,August,32,13,Saturday,True,2022
226,2022-08-14,2022,3,8,August,32,14,Sunday,True,2022
227,2022-08-15,2022,3,8,August,33,15,Monday,False,2022
228,2022-08-16,2022,3,8,August,33,16,Tuesday,False,2022
229,2022-08-17,2022,3,8,August,33,17,Wednesday,False,2022
230,2022-08-18,2022,3,8,August,33,18,Thursday,False,2022
231,2022-08-19,2022,3,8,August,33,19,Friday,False,2022
232,2022-08-20,2022,3,8,August,33,20,Saturday,True,2022
233,2022-08-21,2022,3,8,August,33,21,Sunday,True,2022
234,2022-08-22,2022,3,8,August,34,22,Monday,False,2022
235,2022-08-23,2022,3,8,August,34,23,Tuesday,False,2022
236,2022-08-24,2022,3,8,August,34,24,Wednesday,False,2022
237,2022-08-25,2022,3,8,August,34,25,Thursday,False,2022
238,2022-08-26,2022,3,8,August,34,26,Friday,False,2022
239,2022-08-27,2022,3,8,August,34,27,Saturday,True,2022
240,2022-08-28,2022,3,8,August,34,28,Sunday,True,2022
241,2022-08-29,2022,3,8,August,35,29,Monday,False,2022
242,2022-08-30,2022,3,8,August,35,30,Tuesday,False,2022
243,2022-08-31,2022,3,8,August,35,31,Wednesday,False,2022
244,2022-09-01,2022,3,9,September,35,1,Thursday,False,2022
245,2022-09-02,2022,3,9,September,35,2,Friday,False,2022
246,2022-09-03,2022,3,9,September,35,3,Saturday,True,2022
247,2022-09-04,2022,3,9,September,35,4,Sunday,True,2022
248,2022-09-05,2022,3,9,September,36,5,Monday,False,2022
249,2022-09-06,2022,3,9,September,36,6,Tuesday,False,2022
250,2022-09-07,2022,3,9,September,36,7,Wednesday,False,2022
251,2022-09-08,2022,3,9,September,36,8,Thursday,False,2022
252,2022-09-09,2022,3,9,September,36,9,Friday,False,2022
253,2022-09-10,2022,3,9,September,36,10,Saturday,True,2022
254,2022-09-11,2022,3,9,September,36,11,Sunday,True,2022
255,2022-09-12,2022,3,9,September,37,12,Monday,False,2022
256,2022-09-13,2022,3,9,September,37,13,Tuesday,False,2022
257,2022-09-14,2022,3,9,September,37,14,Wednesday,False,2022
258,2022-09-15,2022,3,9,September,37,15,Thursday,False,2022
259,2022-09-16,2022,3,9,September,37,16,Friday,False,2022
260,2022-09-17,2022,3,9,September,37,17,Saturday,True,2022
261,2022-09-18,2022,3,9,September,37,18,Sunday,True,2022
262,2022-09-19,2022,3,9,September,38,19,Monday,False,2022
263,2022-09-20,2022,3,9,September,38,20,Tuesday,False,2022
264,2022-09-21,2022,3,9,September,38,21,Wednesday,False,2022
265,2022-09-22,2022,3,9,September,38,22,Thursday,False,2022
266,2022-09-23,2022,3,9,September,38,23,Friday,False,2022
267,2022-09-24,2022,3,9,September,38,24,Saturday,True,2022
268,2022-09-25,2022,3,9,September,38,25,Sunday,True,2022
269,2022-09-26,2022,3,9,September,39,26,Monday,False,2022
270,2022-09-27,2022,3,9,September,39,27,Tuesday,False,2022
271,2022-09-28,2022,3,9,September,39,28,Wednesday,False,2022
272,2022-09-29,2022,3,9,September,39,29,Thursday,False,2022
273,2022-09-30,2022,3,9,September,39,30,Friday,False,2022
274,2022-10-01,2022,4,10,October,39,1,Saturday,True,2022
275,2022-10-02,2022,4,10,October,39,2,Sunday,True,2022
276,2022-10-03,2022,4,10,October,40,3,Monday,False,2022
277,2022-10-04,2022,4,10,October,40,4,Tuesday,False,2022
278,2022-10-05,2022,4,10,October,40,5,Wednesday,False,2022
279,2022-10-06,2022,4,10,October,40,6,Thursday,False,2022
280,2022-10-07,2022,4,10,October,40,7,Friday,False,2022
281,2022-10-08,2022,4,10,October,40,8,Saturday,True,2022
282,2022-10-09,2022,4,10,October,40,9,Sunday,True,2022
283,2022-10-10,2022,4,10,October,41,10,Monday,False,2022
284,2022-10-11,2022,4,10,October,41,11,Tuesday,False,2022
285,2022-10-12,2022,4,10,October,41,12,Wednesday,False,2022
286,2022-10-13,2022,4,10,October,41,13,Thursday,False,2022
287,2022-10-14,2022,4,10,October,41,14,Friday,False,2022
288,2022-10-15,2022,4,10,October,41,15,Saturday,True,2022
289,2022-10-16,2022,4,10,October,41,16,Sunday,True,2022
290,2022-10-17,2022,4,10,October,42,17,Monday,False,2022
291,2022-10-18,2022,4,10,October,42,18,Tuesday,False,2022
292,2022-10-19,2022,4,10,October,42,19,Wednesday,False,2022
293,2022-10-20,2022,4,10,October,42,20,Thursday,False,2022
294,2022-10-21,2022,4,10,October,42,21,Friday,False,2022
295,2022-10-22,2022,4,10,October,42,22,Saturday,True,2022
296,2022-10-23,2022,4,10,October,42,23,Sunday,True,2022
297,2022-10-24,2022,4,10,October,43,24,Monday,False,2022
298,2022-10-25,2022,4,10,October,43,25,Tuesday,False,2022
299,2022-10-26,2022,4,10,October,43,26,Wednesday,False,2022
300,2022-10-27,2022,4,10,October,43,27,Thursday,False,2022
301,2022-10-28,2022,4,10,October,43,28,Friday,False,2022
302,2022-10-29,2022,4,10,October,43,29,Saturday,True,2022
303,2022-10-30,2022,4,10,October,43,30,Sunday,True,2022
304,2022-10-31,2022,4,10,October,44,31,Monday,False,2022
305,2022-11-01,2022,4,11,November,44,1,Tuesday,False,2022
306,2022-11-02,2022,4,11,November,44,2,Wednesday,False,2022
307,2022-11-03,2022,4,11,November,44,3,Thursday,False,2022
308,2022-11-04,2022,4,11,November,44,4,Friday,False,2022
309,2022-11-05,2022,4,11,November,44,5,Saturday,True,2022
310,2022-11-06,2022,4,11,November,44,6,Sunday,True,2022
311,2022-11-07,2022,4,11,November,45,7,Monday,False,2022
312,2022-11-08,2022,4,11,November,45,8,Tuesday,False,2022
313,2022-11-09,2022,4,11,November,45,9,Wednesday,False,2022
314,2022-11-10,2022,4,11,November,45,10,Thursday,False,2022
315,2022-11-11,2022,4,11,November,45,11,Friday,False,2022
316,2022-11-12,2022,4,11,November,45,12,Saturday,True,2022
317,2022-11-13,2022,4,11,November,45,13,Sunday,True,2022
318,2022-11-14,2022,4,11,November,46,14,Monday,False,2022
319,2022-11-15,2022,4,11,November,46,15,Tuesday,False,2022
320,2022-11-16,2022,4,11,November,46,16,Wednesday,False,2022
321,2022-11-17,2022,4,11,November,46,17,Thursday,False,2022
322,2022-11-18,2022,4,11,November,46,18,Friday,False,2022
323,2022-11-19,2022,4,11,November,46,19,Saturday,True,2022
324,2022-11-20,2022,4,11,November,46,20,Sunday,True,2022
325,2022-11-21,2022,4,11,November,47,21,Monday,False,2022
326,2022-11-22,2022,4,11,November,47,22,Tuesday,False,2022
327,2022-11-23,2022,4,11,November,47,23,Wednesday,False,2022
328,2022-11-24,2022,4,11,November,47,24,Thursday,False,2022
329,2022-11-25,2022,4,11,November,47,25,Friday,False,2022
330,2022-11-26,2022,4,11,November,47,26,Saturday,True,2022
331,2022-11-27,2022,4,11,November,47,27,Sunday,True,2022
332,2022-11-28,2022,4,11,November,48,28,Monday,False,2022
333,2022-11-29,2022,4,11,November,48,29,Tuesday,False,2022
334,2022-11-30,2022,4,11,November,48,30,Wednesday,False,2022
335,2022-12-01,2022,4,12,December,48,1,Thursday,False,2022
336,2022-12-02,2022,4,12,December,48,2,Friday,False,2022
337,2022-12-03,2022,4,12,December,48,3,Saturday,True,2022
338,2022-12-04,2022,4,12,December,48,4,Sunday,True,2022
339,2022-12-05,2022,4,12,December,49,5,Monday,False,2022
340,2022-12-06,2022,4,12,December,49,6,Tuesday,False,2022
341,2022-12-07,2022,4,12,December,49,7,Wednesday,False,2022
342,2022-12-08,2022,4,12,December,49,8,Thursday,False,2022
343,2022-12-09,2022,4,12,December,49,9,Friday,False,2022
344,2022-12-10,2022,4,12,December,49,10,Saturday,True,2022
345,2022-12-11,2022,4,12,December,49,11,Sunday,True,2022
346,2022-12-12,2022,4,12,December,50,12,Monday,False,2022
347,2022-12-13,2022,4,12,December,50,13,Tuesday,False,2022
348,2022-12-14,2022,4,12,December,50,14,Wednesday,False,2022
349,2022-12-15,2022,4,12,December,50,15,Thursday,False,2022
350,2022-12-16,2022,4,12,December,50,16,Friday,False,2022
351,2022-12-17,2022,4,12,December,50,17,Saturday,True,2022
352,2022-12-18,2022,4,12,December,50,18,Sunday,True,2022
353,2022-12-19,2022,4,12,December,51,19,Monday,False,2022
354,2022-12-20,2022,4,12,December,51,20,Tuesday,False,2022
355,2022-12-21,2022,4,12,December,51,21,Wednesday,False,2022
356,2022-12-22,2022,4,12,December,51,22,Thursday,False,2022
357,2022-12-23,2022,4,12,December,51,23,Friday,False,2022
358,2022-12-24,2022,4,12,December,51,24,Saturday,True,2022
359,2022-12-25,2022,4,12,December,51,25,Sunday,True,2022
360,2022-12-26,2022,4,12,December,52,26,Monday,False,2022
361,2022-12-27,2022,4,12,December,52,27,Tuesday,False,2022
362,2022-12-28,2022,4,12,December,52,28,Wednesday,False,2022
363,2022-12-29,2022,4,12,December,52,29,Thursday,False,2022
364,2022-12-30,2022,4,12,December,52,30,Friday,False,2022
365,2022-12-31,2022,4,12,December,52,31,Saturday,True,2022
366,2023-01-01,2023,1,1,January,52,1,Sunday,True,2022
367,2023-01-02,2023,1,1,January,1,2,Monday,False,2022
368,2023-01-03,2023,1,1,January,1,3,Tuesday,False,2022
369,2023-01-04,2023,1,1,January,1,4,Wednesday,False,2022
370,2023-01-05,2023,1,1,January,1,5,Thursday,False,2022
371,2023-01-06,2023,1,1,January,1,6,Friday,False,2022
372,2023-01-07,2023,1,1,January,1,7,Saturday,True,2022
373,2023-01-08,2023,1,1,January,1,8,Sunday,True,2022
374,2023-01-09,2023,1,1,January,2,9,Monday,False,2022
375,2023-01-10,2023,1,1,January,2,10,Tuesday,False,2022
376,2023-01-11,2023,1,1,January,2,11,Wednesday,False,2022
377,2023-01-12,2023,1,1,January,2,12,Thursday,False,2022
378,2023-01-13,2023,1,1,January,2,13,Friday,False,2022
379,2023-01-14,2023,1,1,January,2,14,Saturday,True,2022
380,2023-01-15,2023,1,1,January,2,15,Sunday,True,2022
381,2023-01-16,2023,1,1,January,3,16,Monday,False,2022
382,2023-01-17,2023,1,1,January,3,17,Tuesday,False,2022
383,2023-01-18,2023,1,1,January,3,18,Wednesday,False,2022
384,2023-01-19,2023,1,1,January,3,19,Thursday,False,2022
385,2023-01-20,2023,1,1,January,3,20,Friday,False,2022
386,2023-01-21,2023,1,1,January,3,21,Saturday,True,2022
387,2023-01-22,2023,1,1,January,3,22,Sunday,True,2022
388,2023-01-23,2023,1,1,January,4,23,Monday,False,2022
389,2023-01-24,2023,1,1,January,4,24,Tuesday,False,2022
390,2023-01-25,2023,1,1,January,4,25,Wednesday,False,2022
391,2023-01-26,2023,1,1,January,4,26,Thursday,False,2022
392,2023-01-27,2023,1,1,January,4,27,Friday,False,2022
393,2023-01-28,2023,1,1,January,4,28,Saturday,True,2022
394,2023-01-29,2023,1,1,January,4,29,Sunday,True,2022
395,2023-01-30,2023,1,1,January,5,30,Monday,False,2022
396,2023-01-31,2023,1,1,January,5,31,Tuesday,False,2022
397,2023-02-01,2023,1,2,February,5,1,Wednesday,False,2022
398,2023-02-02,2023,1,2,February,5,2,Thursday,False,2022
399,2023-02-03,2023,1,2,February,5,3,Friday,False,2022
400,2023-02-04,2023,1,2,February,5,4,Saturday,True,2022
401,2023-02-05,2023,1,2,February,5,5,Sunday,True,2022
402,2023-02-06,2023,1,2,February,6,6,Monday,False,2022
403,2023-02-07,2023,1,2,February,6,7,Tuesday,False,2022
404,2023-02-08,2023,1,2,February,6,8,Wednesday,False,2022
405,2023-02-09,2023,1,2,February,6,9,Thursday,False,2022
406,2023-02-10,2023,1,2,February,6,10,Friday,False,2022
407,2023-02-11,2023,1,2,February,6,11,Saturday,True,2022
408,2023-02-12,2023,1,2,February,6,12,Sunday,True,2022
409,2023-02-13,2023,1,2,February,7,13,Monday,False,2022
410,2023-02-14,2023,1,2,February,7,14,Tuesday,False,2022
411,2023-02-15,2023,1,2,February,7,15,Wednesday,False,2022
412,2023-02-16,2023,1,2,February,7,16,Thursday,False,2022
413,2023-02-17,2023,1,2,February,7,17,Friday,False,2022
414,2023-02-18,2023,1,2,February,7,18,Saturday,True,2022
415,2023-02-19,2023,1,2,February,7,19,Sunday,True,2022
416,2023-02-20,2023,1,2,February,8,20,Monday,False,2022
417,2023-02-21,2023,1,2,February,8,21,Tuesday,False,2022
418,2023-02-22,2023,1,2,February,8,22,Wednesday,False,2022
419,2023-02-23,2023,1,2,February,8,23,Thursday,False,2022
420,2023-02-24,2023,1,2,February,8,24,Friday,False,2022
421,2023-02-25,2023,1,2,February,8,25,Saturday,True,2022
422,2023-02-26,2023,1,2,February,8,26,Sunday,True,2022
423,2023-02-27,2023,1,2,February,9,27,Monday,False,2022
424,2023-02-28,2023,1,2,February,9,28,Tuesday,False,2022
425,2023-03-01,2023,1,3,March,9,1,Wednesday,False,2022
426,2023-03-02,2023,1,3,March,9,2,Thursday,False,2022
427,2023-03-03,2023,1,3,March,9,3,Friday,False,2022
428,2023-03-04,2023,1,3,March,9,4,Saturday,True,2022
429,2023-03-05,2023,1,3,March,9,5,Sunday,True,2022
430,2023-03-06,2023,1,3,March,10,6,Monday,False,2022
431,2023-03-07,2023,1,3,March,10,7,Tuesday,False,2022
432,2023-03-08,2023,1,3,March,10,8,Wednesday,False,2022
433,2023-03-09,2023,1,3,March,10,9,Thursday,False,2022
434,2023-03-10,2023,1,3,March,10,10,Friday,False,2022
435,2023-03-11,2023,1,3,March,10,11,Saturday,True,2022
436,2023-03-12,2023,1,3,March,10,12,Sunday,True,2022
437,2023-03-13,2023,1,3,March,11,13,Monday,False,2022
438,2023-03-14,2023,1,3,March,11,14,Tuesday,False,2022
439,2023-03-15,2023,1,3,March,11,15,Wednesday,False,2022
440,2023-03-16,2023,1,3,March,11,16,Thursday,False,2022
441,2023-03-17,2023,1,3,March,11,17,Friday,False,2022
442,2023-03-18,2023,1,3,March,11,18,Saturday,True,2022
443,2023-03-19,2023,1,3,March,11,19,Sunday,True,2022
444,2023-03-20,2023,1,3,March,12,20,Monday,False,2022
445,2023-03-21,2023,1,3,March,12,21,Tuesday,False,2022
446,2023-03-22,2023,1,3,March,12,22,Wednesday,False,2022
447,2023-03-23,2023,1,3,March,12,23,Thursday,False,2022
448,2023-03-24,2023,1,3,March,12,24,Friday,False,2022
449,2023-03-25,2023,1,3,March,12,25,Saturday,True,2022
450,2023-03-26,2023,1,3,March,12,26,Sunday,True,2022
451,2023-03-27,2023,1,3,March,13,27,Monday,False,2022
452,2023-03-28,2023,1,3,March,13,28,Tuesday,False,2022
453,2023-03-29,2023,1,3,March,13,29,Wednesday,False,2022
454,2023-03-30,2023,1,3,March,13,30,Thursday,False,2022
455,2023-03-31,2023,1,3,March,13,31,Friday,False,2022
456,2023-04-01,2023,2,4,April,13,1,Saturday,True,2023
457,2023-04-02,2023,2,4,April,13,2,Sunday,True,2023
458,2023-04-03,2023,2,4,April,14,3,Monday,False,2023
459,2023-04-04,2023,2,4,April,14,4,Tuesday,False,2023
460,2023-04-05,2023,2,4,April,14,5,Wednesday,False,2023
461,2023-04-06,2023,2,4,April,14,6,Thursday,False,2023
462,2023-04-07,2023,2,4,April,14,7,Friday,False,2023
463,2023-04-08,2023,2,4,April,14,8,Saturday,True,2023
464,2023-04-09,2023,2,4,April,14,9,Sunday,True,2023
465,2023-04-10,2023,2,4,April,15,10,Monday,False,2023
466,2023-04-11,2023,2,4,April,15,11,Tuesday,False,2023
467,2023-04-12,2023,2,4,April,15,12,Wednesday,False,2023
468,2023-04-13,2023,2,4,April,15,13,Thursday,False,2023
469,2023-04-14,2023,2,4,April,15,14,Friday,False,2023
470,2023-04-15,2023,2,4,April,15,15,Saturday,True,2023
471,2023-04-16,2023,2,4,April,15,16,Sunday,True,2023
472,2023-04-17,2023,2,4,April,16,17,Monday,False,2023
473,2023-04-18,2023,2,4,April,16,18,Tuesday,False,2023
474,2023-04-19,2023,2,4,April,16,19,Wednesday,False,2023
475,2023-04-20,2023,2,4,April,16,20,Thursday,False,2023
476,2023-04-21,2023,2,4,April,16,21,Friday,False,2023
477,2023-04-22,2023,2,4,April,16,22,Saturday,True,2023
478,2023-04-23,2023,2,4,April,16,23,Sunday,True,2023
479,2023-04-24,2023,2,4,April,17,24,Monday,False,2023
480,2023-04-25,2023,2,4,April,17,25,Tuesday,False,2023
481,2023-04-26,2023,2,4,April,17,26,Wednesday,False,2023
482,2023-04-27,2023,2,4,April,17,27,Thursday,False,2023
483,2023-04-28,2023,2,4,April,17,28,Friday,False,2023
484,2023-04-29,2023,2,4,April,17,29,Saturday,True,2023
485,2023-04-30,2023,2,4,April,17,30,Sunday,True,2023
486,2023-05-01,2023,2,5,May,18,1,Monday,False,2023
487,2023-05-02,2023,2,5,May,18,2,Tuesday,False,2023
488,2023-05-03,2023,2,5,May,18,3,Wednesday,False,2023
489,2023-05-04,2023,2,5,May,18,4,Thursday,False,2023
490,2023-05-05,2023,2,5,May,18,5,Friday,False,2023
491,2023-05-06,2023,2,5,May,18,6,Saturday,True,2023
492,2023-05-07,2023,2,5,May,18,7,Sunday,True,2023
493,2023-05-08,2023,2,5,May,19,8,Monday,False,2023
494,2023-05-09,2023,2,5,May,19,9,Tuesday,False,2023
495,2023-05-10,2023,2,5,May,19,10,Wednesday,False,2023
496,2023-05-11,2023,2,5,May,19,11,Thursday,False,2023
497,2023-05-12,2023,2,5,May,19,12,Friday,False,2023
498,2023-05-13,2023,2,5,May,19,13,Saturday,True,2023
499,2023-05-14,2023,2,5,May,19,14,Sunday,True,2023
500,2023-05-15,2023,2,5,May,20,15,Monday,False,2023
501,2023-05-16,2023,2,5,May,20,16,Tuesday,False,2023
502,2023-05-17,2023,2,5,May,20,17,Wednesday,False,2023
503,2023-05-18,2023,2,5,May,20,18,Thursday,False,2023
504,2023-05-19,2023,2,5,May,20,19,Friday,False,2023
505,2023-05-20,2023,2,5,May,20,20,Saturday,True,2023
506,2023-05-21,2023,2,5,May,20,21,Sunday,True,2023
507,2023-05-22,2023,2,5,May,21,22,Monday,False,2023
508,2023-05-23,2023,2,5,May,21,23,Tuesday,False,2023
509,2023-05-24,2023,2,5,May,21,24,Wednesday,False,2023
510,2023-05-25,2023,2,5,May,21,25,Thursday,False,2023
511,2023-05-26,2023,2,5,May,21,26,Friday,False,2023
512,2023-05-27,2023,2,5,May,21,27,Saturday,True,2023
513,2023-05-28,2023,2,5,May,21,28,Sunday,True,2023
514,2023-05-29,2023,2,5,May,22,29,Monday,False,2023
515,2023-05-30,2023,2,5,May,22,30,Tuesday,False,2023
516,2023-05-31,2023,2,5,May,22,31,Wednesday,False,2023
517,2023-06-01,2023,2,6,June,22,1,Thursday,False,2023
518,2023-06-02,2023,2,6,June,22,2,Friday,False,2023
519,2023-06-03,2023,2,6,June,22,3,Saturday,True,2023
520,2023-06-04,2023,2,6,June,22,4,Sunday,True,2023
521,2023-06-05,2023,2,6,June,23,5,Monday,False,2023
522,2023-06-06,2023,2,6,June,23,6,Tuesday,False,2023
523,2023-06-07,2023,2,6,June,23,7,Wednesday,False,2023
524,2023-06-08,2023,2,6,June,23,8,Thursday,False,2023
525,2023-06-09,2023,2,6,June,23,9,Friday,False,2023
526,2023-06-10,2023,2,6,June,23,10,Saturday,True,2023
527,2023-06-11,2023,2,6,June,23,11,Sunday,True,2023
528,2023-06-12,2023,2,6,June,24,12,Monday,False,2023
529,2023-06-13,2023,2,6,June,24,13,Tuesday,False,2023
530,2023-06-14,2023,2,6,June,24,14,Wednesday,False,2023
531,2023-06-15,2023,2,6,June,24,15,Thursday,False,2023
532,2023-06-16,2023,2,6,June,24,16,Friday,False,2023
533,2023-06-17,2023,2,6,June,24,17,Saturday,True,2023
534,2023-06-18,2023,2,6,June,24,18,Sunday,True,2023
535,2023-06-19,2023,2,6,June,25,19,Monday,False,2023
536,2023-06-20,2023,2,6,June,25,20,Tuesday,False,2023
537,2023-06-21,2023,2,6,June,25,21,Wednesday,False,2023
538,2023-06-22,2023,2,6,June,25,22,Thursday,False,2023
539,2023-06-23,2023,2,6,June,25,23,Friday,False,2023
540,2023-06-24,2023,2,6,June,25,24,Saturday,True,2023
541,2023-06-25,2023,2,6,June,25,25,Sunday,True,2023
542,2023-06-26,2023,2,6,June,26,26,Monday,False,2023
543,2023-06-27,2023,2,6,June,26,27,Tuesday,False,2023
544,2023-06-28,2023,2,6,June,26,28,Wednesday,False,2023
545,2023-06-29,2023,2,6,June,26,29,Thursday,False,2023
546,2023-06-30,2023,2,6,June,26,30,Friday,False,2023
547,2023-07-01,2023,3,7,July,26,1,Saturday,True,2023
548,2023-07-02,2023,3,7,July,26,2,Sunday,True,2023
549,2023-07-03,2023,3,7,July,27,3,Monday,False,2023
550,2023-07-04,2023,3,7,July,27,4,Tuesday,False,2023
551,2023-07-05,2023,3,7,July,27,5,Wednesday,False,2023
552,2023-07-06,2023,3,7,July,27,6,Thursday,False,2023
553,2023-07-07,2023,3,7,July,27,7,Friday,False,2023
554,2023-07-08,2023,3,7,July,27,8,Saturday,True,2023
555,2023-07-09,2023,3,7,July,27,9,Sunday,True,2023
556,2023-07-10,2023,3,7,July,28,10,Monday,False,2023
557,2023-07-11,2023,3,7,July,28,11,Tuesday,False,2023
558,2023-07-12,2023,3,7,July,28,12,Wednesday,False,2023
559,2023-07-13,2023,3,7,July,28,13,Thursday,False,2023
560,2023-07-14,2023,3,7,July,28,14,Friday,False,2023
561,2023-07-15,2023,3,7,July,28,15,Saturday,True,2023
562,2023-07-16,2023,3,7,July,28,16,Sunday,True,2023
563,2023-07-17,2023,3,7,July,29,17,Monday,False,2023
564,2023-07-18,2023,3,7,July,29,18,Tuesday,False,2023
565,2023-07-19,2023,3,7,July,29,19,Wednesday,False,2023
566,2023-07-20,2023,3,7,July,29,20,Thursday,False,2023
567,2023-07-21,2023,3,7,July,29,21,Friday,False,2023
568,2023-07-22,2023,3,7,July,29,22,Saturday,True,2023
569,2023-07-23,2023,3,7,July,29,23,Sunday,True,2023
570,2023-07-24,2023,3,7,July,30,24,Monday,False,2023
571,2023-07-25,2023,3,7,July,30,25,Tuesday,False,2023
572,2023-07-26,2023,3,7,July,30,26,Wednesday,False,2023
573,2023-07-27,2023,3,7,July,30,27,Thursday,False,2023
574,2023-07-28,2023,3,7,July,30,28,Friday,False,2023
575,2023-07-29,2023,3,7,July,30,29,Saturday,True,2023
576,2023-07-30,2023,3,7,July,30,30,Sunday,True,2023
577,2023-07-31,2023,3,7,July,31,31,Monday,False,2023
578,2023-08-01,2023,3,8,August,31,1,Tuesday,False,2023
579,2023-08-02,2023,3,8,August,31,2,Wednesday,False,2023
580,2023-08-03,2023,3,8,August,31,3,Thursday,False,2023
581,2023-08-04,2023,3,8,August,31,4,Friday,False,2023
582,2023-08-05,2023,3,8,August,31,5,Saturday,True,2023
583,2023-08-06,2023,3,8,August,31,6,Sunday,True,2023
584,2023-08-07,2023,3,8,August,32,7,Monday,False,2023
585,2023-08-08,2023,3,8,August,32,8,Tuesday,False,2023
586,2023-08-09,2023,3,8,August,32,9,Wednesday,False,2023
587,2023-08-10,2023,3,8,August,32,10,Thursday,False,2023
588,2023-08-11,2023,3,8,August,32,11,Friday,False,2023
589,2023-08-12,2023,3,8,August,32,12,Saturday,True,2023
590,2023-08-13,2023,3,8,August,32,13,Sunday,True,2023
591,2023-08-14,2023,3,8,August,33,14,Monday,False,2023
592,2023-08-15,2023,3,8,August,33,15,Tuesday,False,2023
593,2023-08-16,2023,3,8,August,33,16,Wednesday,False,2023
594,2023-08-17,2023,3,8,August,33,17,Thursday,False,2023
595,2023-08-18,2023,3,8,August,33,18,Friday,False,2023
596,2023-08-19,2023,3,8,August,33,19,Saturday,True,2023
597,2023-08-20,2023,3,8,August,33,20,Sunday,True,2023
598,2023-08-21,2023,3,8,August,34,21,Monday,False,2023
599,2023-08-22,2023,3,8,August,34,22,Tuesday,False,2023
600,2023-08-23,2023,3,8,August,34,23,Wednesday,False,2023
601,2023-08-24,2023,3,8,August,34,24,Thursday,False,2023
602,2023-08-25,2023,3,8,August,34,25,Friday,False,2023
603,2023-08-26,2023,3,8,August,34,26,Saturday,True,2023
604,2023-08-27,2023,3,8,August,34,27,Sunday,True,2023
605,2023-08-28,2023,3,8,August,35,28,Monday,False,2023
606,2023-08-29,2023,3,8,August,35,29,Tuesday,False,2023
607,2023-08-30,2023,3,8,August,35,30,Wednesday,False,2023
608,2023-08-31,2023,3,8,August,35,31,Thursday,False,2023
609,2023-09-01,2023,3,9,September,35,1,Friday,False,2023
610,2023-09-02,2023,3,9,September,35,2,Saturday,True,2023
611,2023-09-03,2023,3,9,September,35,3,Sunday,True,2023
612,2023-09-04,2023,3,9,September,36,4,Monday,False,2023
613,2023-09-05,2023,3,9,September,36,5,Tuesday,False,2023
614,2023-09-06,2023,3,9,September,36,6,Wednesday,False,2023
615,2023-09-07,2023,3,9,September,36,7,Thursday,False,2023
616,2023-09-08,2023,3,9,September,36,8,Friday,False,2023
617,2023-09-09,2023,3,9,September,36,9,Saturday,True,2023
618,2023-09-10,2023,3,9,September,36,10,Sunday,True,2023
619,2023-09-11,2023,3,9,September,37,11,Monday,False,2023
620,2023-09-12,2023,3,9,September,37,12,Tuesday,False,2023
621,2023-09-13,2023,3,9,September,37,13,Wednesday,False,2023
622,2023-09-14,2023,3,9,September,37,14,Thursday,False,2023
623,2023-09-15,2023,3,9,September,37,15,Friday,False,2023
624,2023-09-16,2023,3,9,September,37,16,Saturday,True,2023
625,2023-09-17,2023,3,9,September,37,17,Sunday,True,2023
626,2023-09-18,2023,3,9,September,38,18,Monday,False,2023
627,2023-09-19,2023,3,9,September,38,19,Tuesday,False,2023
628,2023-09-20,2023,3,9,September,38,20,Wednesday,False,2023
629,2023-09-21,2023,3,9,September,38,21,Thursday,False,2023
630,2023-09-22,2023,3,9,September,38,22,Friday,False,2023
631,2023-09-23,2023,3,9,September,38,23,Saturday,True,2023
632,2023-09-24,2023,3,9,September,38,24,Sunday,True,2023
633,2023-09-25,2023,3,9,September,39,25,Monday,False,2023
634,2023-09-26,2023,3,9,September,39,26,Tuesday,False,2023
635,2023-09-27,2023,3,9,September,39,27,Wednesday,False,2023
636,2023-09-28,2023,3,9,September,39,28,Thursday,False,2023
637,2023-09-29,2023,3,9,September,39,29,Friday,False,2023
638,2023-09-30,2023,3,9,September,39,30,Saturday,True,2023
639,2023-10-01,2023,4,10,October,39,1,Sunday,True,2023
640,2023-10-02,2023,4,10,October,40,2,Monday,False,2023
641,2023-10-03,2023,4,10,October,40,3,Tuesday,False,2023
642,2023-10-04,2023,4,10,October,40,4,Wednesday,False,2023
643,2023-10-05,2023,4,10,October,40,5,Thursday,False,2023
644,2023-10-06,2023,4,10,October,40,6,Friday,False,2023
645,2023-10-07,2023,4,10,October,40,7,Saturday,True,2023
646,2023-10-08,2023,4,10,October,40,8,Sunday,True,2023
647,2023-10-09,2023,4,10,October,41,9,Monday,False,2023
648,2023-10-10,2023,4,10,October,41,10,Tuesday,False,2023
649,2023-10-11,2023,4,10,October,41,11,Wednesday,False,2023
650,2023-10-12,2023,4,10,October,41,12,Thursday,False,2023
651,2023-10-13,2023,4,10,October,41,13,Friday,False,2023
652,2023-10-14,2023,4,10,October,41,14,Saturday,True,2023
653,2023-10-15,2023,4,10,October,41,15,Sunday,True,2023
654,2023-10-16,2023,4,10,October,42,16,Monday,False,2023
655,2023-10-17,2023,4,10,October,42,17,Tuesday,False,2023
656,2023-10-18,2023,4,10,October,42,18,Wednesday,False,2023
657,2023-10-19,2023,4,10,October,42,19,Thursday,False,2023
658,2023-10-20,2023,4,10,October,42,20,Friday,False,2023
659,2023-10-21,2023,4,10,October,42,21,Saturday,True,2023
660,2023-10-22,2023,4,10,October,42,22,Sunday,True,2023
661,2023-10-23,2023,4,10,October,43,23,Monday,False,2023
662,2023-10-24,2023,4,10,October,43,24,Tuesday,False,2023
663,2023-10-25,2023,4,10,October,43,25,Wednesday,False,2023
664,2023-10-26,2023,4,10,October,43,26,Thursday,False,2023
665,2023-10-27,2023,4,10,October,43,27,Friday,False,2023
666,2023-10-28,2023,4,10,October,43,28,Saturday,True,2023
667,2023-10-29,2023,4,10,October,43,29,Sunday,True,2023
668,2023-10-30,2023,4,10,October,44,30,Monday,False,2023
669,2023-10-31,2023,4,10,October,44,31,Tuesday,False,2023
670,2023-11-01,2023,4,11,November,44,1,Wednesday,False,2023
671,2023-11-02,2023,4,11,November,44,2,Thursday,False,2023
672,2023-11-03,2023,4,11,November,44,3,Friday,False,2023
673,2023-11-04,2023,4,11,November,44,4,Saturday,True,2023
674,2023-11-05,2023,4,11,November,44,5,Sunday,True,2023
675,2023-11-06,2023,4,11,November,45,6,Monday,False,2023
676,2023-11-07,2023,4,11,November,45,7,Tuesday,False,2023
677,2023-11-08,2023,4,11,November,45,8,Wednesday,False,2023
678,2023-11-09,2023,4,11,November,45,9,Thursday,False,2023
679,2023-11-10,2023,4,11,November,45,10,Friday,False,2023
680,2023-11-11,2023,4,11,November,45,11,Saturday,True,2023
681,2023-11-12,2023,4,11,November,45,12,Sunday,True,2023
682,2023-11-13,2023,4,11,November,46,13,Monday,False,2023
683,2023-11-14,2023,4,11,November,46,14,Tuesday,False,2023
684,2023-11-15,2023,4,11,November,46,15,Wednesday,False,2023
685,2023-11-16,2023,4,11,November,46,16,Thursday,False,2023
686,2023-11-17,2023,4,11,November,46,17,Friday,False,2023
687,2023-11-18,2023,4,11,November,46,18,Saturday,True,2023
688,2023-11-19,2023,4,11,November,46,19,Sunday,True,2023
689,2023-11-20,2023,4,11,November,47,20,Monday,False,2023
690,2023-11-21,2023,4,11,November,47,21,Tuesday,False,2023
691,2023-11-22,2023,4,11,November,47,22,Wednesday,False,2023
692,2023-11-23,2023,4,11,November,47,23,Thursday,False,2023
693,2023-11-24,2023,4,11,November,47,24,Friday,False,2023
694,2023-11-25,2023,4,11,November,47,25,Saturday,True,2023
695,2023-11-26,2023,4,11,November,47,26,Sunday,True,2023
696,2023-11-27,2023,4,11,November,48,27,Monday,False,2023
697,2023-11-28,2023,4,11,November,48,28,Tuesday,False,2023
698,2023-11-29,2023,4,11,November,48,29,Wednesday,False,2023
699,2023-11-30,2023,4,11,November,48,30,Thursday,False,2023
700,2023-12-01,2023,4,12,December,48,1,Friday,False,2023
701,2023-12-02,2023,4,12,December,48,2,Saturday,True,2023
702,2023-12-03,2023,4,12,December,48,3,Sunday,True,2023
703,2023-12-04,2023,4,12,December,49,4,Monday,False,2023
704,2023-12-05,2023,4,12,December,49,5,Tuesday,False,2023
705,2023-12-06,2023,4,12,December,49,6,Wednesday,False,2023
706,2023-12-07,2023,4,12,December,49,7,Thursday,False,2023
707,2023-12-08,2023,4,12,December,49,8,Friday,False,2023
708,2023-12-09,2023,4,12,December,49,9,Saturday,True,2023
709,2023-12-10,2023,4,12,December,49,10,Sunday,True,2023
710,2023-12-11,2023,4,12,December,50,11,Monday,False,2023
711,2023-12-12,2023,4,12,December,50,12,Tuesday,False,2023
712,2023-12-13,2023,4,12,December,50,13,Wednesday,False,2023
713,2023-12-14,2023,4,12,December,50,14,Thursday,False,2023
714,2023-12-15,2023,4,12,December,50,15,Friday,False,2023
715,2023-12-16,2023,4,12,December,50,16,Saturday,True,2023
716,2023-12-17,2023,4,12,December,50,17,Sunday,True,2023
717,2023-12-18,2023,4,12,December,51,18,Monday,False,2023
718,2023-12-19,2023,4,12,December,51,19,Tuesday,False,2023
719,2023-12-20,2023,4,12,December,51,20,Wednesday,False,2023
720,2023-12-21,2023,4,12,December,51,21,Thursday,False,2023
721,2023-12-22,2023,4,12,December,51,22,Friday,False,2023
722,2023-12-23,2023,4,12,December,51,23,Saturday,True,2023
723,2023-12-24,2023,4,12,December,51,24,Sunday,True,2023
724,2023-12-25,2023,4,12,December,52,25,Monday,False,2023
725,2023-12-26,2023,4,12,December,52,26,Tuesday,False,2023
726,2023-12-27,2023,4,12,December,52,27,Wednesday,False,2023
727,2023-12-28,2023,4,12,December,52,28,Thursday,False,2023
728,2023-12-29,2023,4,12,December,52,29,Friday,False,2023
729,2023-12-30,2023,4,12,December,52,30,Saturday,True,2023
730,2023-12-31,2023,4,12,December,52,31,Sunday,True,2023
731,2024-01-01,2024,1,1,January,1,1,Monday,False,2023
732,2024-01-02,2024,1,1,January,1,2,Tuesday,False,2023
733,2024-01-03,2024,1,1,January,1,3,Wednesday,False,2023
734,2024-01-04,2024,1,1,January,1,4,Thursday,False,2023
735,2024-01-05,2024,1,1,January,1,5,Friday,False,2023
736,2024-01-06,2024,1,1,January,1,6,Saturday,True,2023
737,2024-01-07,2024,1,1,January,1,7,Sunday,True,2023
738,2024-01-08,2024,1,1,January,2,8,Monday,False,2023
739,2024-01-09,2024,1,1,January,2,9,Tuesday,False,2023
740,2024-01-10,2024,1,1,January,2,10,Wednesday,False,2023
741,2024-01-11,2024,1,1,January,2,11,Thursday,False,2023
742,2024-01-12,2024,1,1,January,2,12,Friday,False,2023
743,2024-01-13,2024,1,1,January,2,13,Saturday,True,2023
744,2024-01-14,2024,1,1,January,2,14,Sunday,True,2023
745,2024-01-15,2024,1,1,January,3,15,Monday,False,2023
746,2024-01-16,2024,1,1,January,3,16,Tuesday,False,2023
747,2024-01-17,2024,1,1,January,3,17,Wednesday,False,2023
748,2024-01-18,2024,1,1,January,3,18,Thursday,False,2023
749,2024-01-19,2024,1,1,January,3,19,Friday,False,2023
750,2024-01-20,2024,1,1,January,3,20,Saturday,True,2023
751,2024-01-21,2024,1,1,January,3,21,Sunday,True,2023
752,2024-01-22,2024,1,1,January,4,22,Monday,False,2023
753,2024-01-23,2024,1,1,January,4,23,Tuesday,False,2023
754,2024-01-24,2024,1,1,January,4,24,Wednesday,False,2023
755,2024-01-25,2024,1,1,January,4,25,Thursday,False,2023
756,2024-01-26,2024,1,1,January,4,26,Friday,False,2023
757,2024-01-27,2024,1,1,January,4,27,Saturday,True,2023
758,2024-01-28,2024,1,1,January,4,28,Sunday,True,2023
759,2024-01-29,2024,1,1,January,5,29,Monday,False,2023
760,2024-01-30,2024,1,1,January,5,30,Tuesday,False,2023
761,2024-01-31,2024,1,1,January,5,31,Wednesday,False,2023
762,2024-02-01,2024,1,2,February,5,1,Thursday,False,2023
763,2024-02-02,2024,1,2,February,5,2,Friday,False,2023
764,2024-02-03,2024,1,2,February,5,3,Saturday,True,2023
765,2024-02-04,2024,1,2,February,5,4,Sunday,True,2023
766,2024-02-05,2024,1,2,February,6,5,Monday,False,2023
767,2024-02-06,2024,1,2,February,6,6,Tuesday,False,2023
768,2024-02-07,2024,1,2,February,6,7,Wednesday,False,2023
769,2024-02-08,2024,1,2,February,6,8,Thursday,False,2023
770,2024-02-09,2024,1,2,February,6,9,Friday,False,2023
771,2024-02-10,2024,1,2,February,6,10,Saturday,True,2023
772,2024-02-11,2024,1,2,February,6,11,Sunday,True,2023
773,2024-02-12,2024,1,2,February,7,12,Monday,False,2023
774,2024-02-13,2024,1,2,February,7,13,Tuesday,False,2023
775,2024-02-14,2024,1,2,February,7,14,Wednesday,False,2023
776,2024-02-15,2024,1,2,February,7,15,Thursday,False,2023
777,2024-02-16,2024,1,2,February,7,16,Friday,False,2023
778,2024-02-17,2024,1,2,February,7,17,Saturday,True,2023
779,2024-02-18,2024,1,2,February,7,18,Sunday,True,2023
780,2024-02-19,2024,1,2,February,8,19,Monday,False,2023
781,2024-02-20,2024,1,2,February,8,20,Tuesday,False,2023
782,2024-02-21,2024,1,2,February,8,21,Wednesday,False,2023
783,2024-02-22,2024,1,2,February,8,22,Thursday,False,2023
784,2024-02-23,2024,1,2,February,8,23,Friday,False,2023
785,2024-02-24,2024,1,2,February,8,24,Saturday,True,2023
786,2024-02-25,2024,1,2,February,8,25,Sunday,True,2023
787,2024-02-26,2024,1,2,February,9,26,Monday,False,2023
788,2024-02-27,2024,1,2,February,9,27,Tuesday,False,2023
789,2024-02-28,2024,1,2,February,9,28,Wednesday,False,2023
790,2024-02-29,2024,1,2,February,9,29,Thursday,False,2023
791,2024-03-01,2024,1,3,March,9,1,Friday,False,2023
792,2024-03-02,2024,1,3,March,9,2,Saturday,True,2023
793,2024-03-03,2024,1,3,March,9,3,Sunday,True,2023
794,2024-03-04,2024,1,3,March,10,4,Monday,False,2023
795,2024-03-05,2024,1,3,March,10,5,Tuesday,False,2023
796,2024-03-06,2024,1,3,March,10,6,Wednesday,False,2023
797,2024-03-07,2024,1,3,March,10,7,Thursday,False,2023
798,2024-03-08,2024,1,3,March,10,8,Friday,False,2023
799,2024-03-09,2024,1,3,March,10,9,Saturday,True,2023
800,2024-03-10,2024,1,3,March,10,10,Sunday,True,2023
801,2024-03-11,2024,1,3,March,11,11,Monday,False,2023
802,2024-03-12,2024,1,3,March,11,12,Tuesday,False,2023
803,2024-03-13,2024,1,3,March,11,13,Wednesday,False,2023
804,2024-03-14,2024,1,3,March,11,14,Thursday,False,2023
805,2024-03-15,2024,1,3,March,11,15,Friday,False,2023
806,2024-03-16,2024,1,3,March,11,16,Saturday,True,2023
807,2024-03-17,2024,1,3,March,11,17,Sunday,True,2023
808,2024-03-18,2024,1,3,March,12,18,Monday,False,2023
809,2024-03-19,2024,1,3,March,12,19,Tuesday,False,2023
810,2024-03-20,2024,1,3,March,12,20,Wednesday,False,2023
811,2024-03-21,2024,1,3,March,12,21,Thursday,False,2023
812,2024-03-22,2024,1,3,March,12,22,Friday,False,2023
813,2024-03-23,2024,1,3,March,12,23,Saturday,True,2023
814,2024-03-24,2024,1,3,March,12,24,Sunday,True,2023
815,2024-03-25,2024,1,3,March,13,25,Monday,False,2023
816,2024-03-26,2024,1,3,March,13,26,Tuesday,False,2023
817,2024-03-27,2024,1,3,March,13,27,Wednesday,False,2023
818,2024-03-28,2024,1,3,March,13,28,Thursday,False,2023
819,2024-03-29,2024,1,3,March,13,29,Friday,False,2023
820,2024-03-30,2024,1,3,March,13,30,Saturday,True,2023
821,2024-03-31,2024,1,3,March,13,31,Sunday,True,2023
822,2024-04-01,2024,2,4,April,14,1,Monday,False,2024
823,2024-04-02,2024,2,4,April,14,2,Tuesday,False,2024
824,2024-04-03,2024,2,4,April,14,3,Wednesday,False,2024
825,2024-04-04,2024,2,4,April,14,4,Thursday,False,2024
826,2024-04-05,2024,2,4,April,14,5,Friday,False,2024
827,2024-04-06,2024,2,4,April,14,6,Saturday,True,2024
828,2024-04-07,2024,2,4,April,14,7,Sunday,True,2024
829,2024-04-08,2024,2,4,April,15,8,Monday,False,2024
830,2024-04-09,2024,2,4,April,15,9,Tuesday,False,2024
831,2024-04-10,2024,2,4,April,15,10,Wednesday,False,2024
832,2024-04-11,2024,2,4,April,15,11,Thursday,False,2024
833,2024-04-12,2024,2,4,April,15,12,Friday,False,2024
834,2024-04-13,2024,2,4,April,15,13,Saturday,True,2024
835,2024-04-14,2024,2,4,April,15,14,Sunday,True,2024
836,2024-04-15,2024,2,4,April,16,15,Monday,False,2024
837,2024-04-16,2024,2,4,April,16,16,Tuesday,False,2024
838,2024-04-17,2024,2,4,April,16,17,Wednesday,False,2024
839,2024-04-18,2024,2,4,April,16,18,Thursday,False,2024
840,2024-04-19,2024,2,4,April,16,19,Friday,False,2024
841,2024-04-20,2024,2,4,April,16,20,Saturday,True,2024
842,2024-04-21,2024,2,4,April,16,21,Sunday,True,2024
843,2024-04-22,2024,2,4,April,17,22,Monday,False,2024
844,2024-04-23,2024,2,4,April,17,23,Tuesday,False,2024
845,2024-04-24,2024,2,4,April,17,24,Wednesday,False,2024
846,2024-04-25,2024,2,4,April,17,25,Thursday,False,2024
847,2024-04-26,2024,2,4,April,17,26,Friday,False,2024
848,2024-04-27,2024,2,4,April,17,27,Saturday,True,2024
849,2024-04-28,2024,2,4,April,17,28,Sunday,True,2024
850,2024-04-29,2024,2,4,April,18,29,Monday,False,2024
851,2024-04-30,2024,2,4,April,18,30,Tuesday,False,2024
852,2024-05-01,2024,2,5,May,18,1,Wednesday,False,2024
853,2024-05-02,2024,2,5,May,18,2,Thursday,False,2024
854,2024-05-03,2024,2,5,May,18,3,Friday,False,2024
855,2024-05-04,2024,2,5,May,18,4,Saturday,True,2024
856,2024-05-05,2024,2,5,May,18,5,Sunday,True,2024
857,2024-05-06,2024,2,5,May,19,6,Monday,False,2024
858,2024-05-07,2024,2,5,May,19,7,Tuesday,False,2024
859,2024-05-08,2024,2,5,May,19,8,Wednesday,False,2024
860,2024-05-09,2024,2,5,May,19,9,Thursday,False,2024
861,2024-05-10,2024,2,5,May,19,10,Friday,False,2024
862,2024-05-11,2024,2,5,May,19,11,Saturday,True,2024
863,2024-05-12,2024,2,5,May,19,12,Sunday,True,2024
864,2024-05-13,2024,2,5,May,20,13,Monday,False,2024
865,2024-05-14,2024,2,5,May,20,14,Tuesday,False,2024
866,2024-05-15,2024,2,5,May,20,15,Wednesday,False,2024
867,2024-05-16,2024,2,5,May,20,16,Thursday,False,2024
868,2024-05-17,2024,2,5,May,20,17,Friday,False,2024
869,2024-05-18,2024,2,5,May,20,18,Saturday,True,2024
870,2024-05-19,2024,2,5,May,20,19,Sunday,True,2024
871,2024-05-20,2024,2,5,May,21,20,Monday,False,2024
872,2024-05-21,2024,2,5,May,21,21,Tuesday,False,2024
873,2024-05-22,2024,2,5,May,21,22,Wednesday,False,2024
874,2024-05-23,2024,2,5,May,21,23,Thursday,False,2024
875,2024-05-24,2024,2,5,May,21,24,Friday,False,2024
876,2024-05-25,2024,2,5,May,21,25,Saturday,True,2024
877,2024-05-26,2024,2,5,May,21,26,Sunday,True,2024
878,2024-05-27,2024,2,5,May,22,27,Monday,False,2024
879,2024-05-28,2024,2,5,May,22,28,Tuesday,False,2024
880,2024-05-29,2024,2,5,May,22,29,Wednesday,False,2024
881,2024-05-30,2024,2,5,May,22,30,Thursday,False,2024
882,2024-05-31,2024,2,5,May,22,31,Friday,False,2024
883,2024-06-01,2024,2,6,June,22,1,Saturday,True,2024
884,2024-06-02,2024,2,6,June,22,2,Sunday,True,2024
885,2024-06-03,2024,2,6,June,23,3,Monday,False,2024
886,2024-06-04,2024,2,6,June,23,4,Tuesday,False,2024
887,2024-06-05,2024,2,6,June,23,5,Wednesday,False,2024
888,2024-06-06,2024,2,6,June,23,6,Thursday,False,2024
889,2024-06-07,2024,2,6,June,23,7,Friday,False,2024
890,2024-06-08,2024,2,6,June,23,8,Saturday,True,2024
891,2024-06-09,2024,2,6,June,23,9,Sunday,True,2024
892,2024-06-10,2024,2,6,June,24,10,Monday,False,2024
893,2024-06-11,2024,2,6,June,24,11,Tuesday,False,2024
894,2024-06-12,2024,2,6,June,24,12,Wednesday,False,2024
895,2024-06-13,2024,2,6,June,24,13,Thursday,False,2024
896,2024-06-14,2024,2,6,June,24,14,Friday,False,2024
897,2024-06-15,2024,2,6,June,24,15,Saturday,True,2024
898,2024-06-16,2024,2,6,June,24,16,Sunday,True,2024
899,2024-06-17,2024,2,6,June,25,17,Monday,False,2024
900,2024-06-18,2024,2,6,June,25,18,Tuesday,False,2024
901,2024-06-19,2024,2,6,June,25,19,Wednesday,False,2024
902,2024-06-20,2024,2,6,June,25,20,Thursday,False,2024
903,2024-06-21,2024,2,6,June,25,21,Friday,False,2024
904,2024-06-22,2024,2,6,June,25,22,Saturday,True,2024
905,2024-06-23,2024,2,6,June,25,23,Sunday,True,2024
906,2024-06-24,2024,2,6,June,26,24,Monday,False,2024
907,2024-06-25,2024,2,6,June,26,25,Tuesday,False,2024
908,2024-06-26,2024,2,6,June,26,26,Wednesday,False,2024
909,2024-06-27,2024,2,6,June,26,27,Thursday,False,2024
910,2024-06-28,2024,2,6,June,26,28,Friday,False,2024
911,2024-06-29,2024,2,6,June,26,29,Saturday,True,2024
912,2024-06-30,2024,2,6,June,26,30,Sunday,True,2024
913,2024-07-01,2024,3,7,July,27,1,Monday,False,2024
914,2024-07-02,2024,3,7,July,27,2,Tuesday,False,2024
915,2024-07-03,2024,3,7,July,27,3,Wednesday,False,2024
916,2024-07-04,2024,3,7,July,27,4,Thursday,False,2024
917,2024-07-05,2024,3,7,July,27,5,Friday,False,2024
918,2024-07-06,2024,3,7,July,27,6,Saturday,True,2024
919,2024-07-07,2024,3,7,July,27,7,Sunday,True,2024
920,2024-07-08,2024,3,7,July,28,8,Monday,False,2024
921,2024-07-09,2024,3,7,July,28,9,Tuesday,False,2024
922,2024-07-10,2024,3,7,July,28,10,Wednesday,False,2024
923,2024-07-11,2024,3,7,July,28,11,Thursday,False,2024
924,2024-07-12,2024,3,7,July,28,12,Friday,False,2024
925,2024-07-13,2024,3,7,July,28,13,Saturday,True,2024
926,2024-07-14,2024,3,7,July,28,14,Sunday,True,2024
927,2024-07-15,2024,3,7,July,29,15,Monday,False,2024
928,2024-07-16,2024,3,7,July,29,16,Tuesday,False,2024
929,2024-07-17,2024,3,7,July,29,17,Wednesday,False,2024
930,2024-07-18,2024,3,7,July,29,18,Thursday,False,2024
931,2024-07-19,2024,3,7,July,29,19,Friday,False,2024
932,2024-07-20,2024,3,7,July,29,20,Saturday,True,2024
933,2024-07-21,2024,3,7,July,29,21,Sunday,True,2024
934,2024-07-22,2024,3,7,July,30,22,Monday,False,2024
935,2024-07-23,2024,3,7,July,30,23,Tuesday,False,2024
936,2024-07-24,2024,3,7,July,30,24,Wednesday,False,2024
937,2024-07-25,2024,3,7,July,30,25,Thursday,False,2024
938,2024-07-26,2024,3,7,July,30,26,Friday,False,2024
939,2024-07-27,2024,3,7,July,30,27,Saturday,True,2024
940,2024-07-28,2024,3,7,July,30,28,Sunday,True,2024
941,2024-07-29,2024,3,7,July,31,29,Monday,False,2024
942,2024-07-30,2024,3,7,July,31,30,Tuesday,False,2024
943,2024-07-31,2024,3,7,July,31,31,Wednesday,False,2024
944,2024-08-01,2024,3,8,August,31,1,Thursday,False,2024
945,2024-08-02,2024,3,8,August,31,2,Friday,False,2024
946,2024-08-03,2024,3,8,August,31,3,Saturday,True,2024
947,2024-08-04,2024,3,8,August,31,4,Sunday,True,2024
948,2024-08-05,2024,3,8,August,32,5,Monday,False,2024
949,2024-08-06,2024,3,8,August,32,6,Tuesday,False,2024
950,2024-08-07,2024,3,8,August,32,7,Wednesday,False,2024
951,2024-08-08,2024,3,8,August,32,8,Thursday,False,2024
952,2024-08-09,2024,3,8,August,32,9,Friday,False,2024
953,2024-08-10,2024,3,8,August,32,10,Saturday,True,2024
954,2024-08-11,2024,3,8,August,32,11,Sunday,True,2024
955,2024-08-12,2024,3,8,August,33,12,Monday,False,2024
956,2024-08-13,2024,3,8,August,33,13,Tuesday,False,2024
957,2024-08-14,2024,3,8,August,33,14,Wednesday,False,2024
958,2024-08-15,2024,3,8,August,33,15,Thursday,False,2024
959,2024-08-16,2024,3,8,August,33,16,Friday,False,2024
960,2024-08-17,2024,3,8,August,33,17,Saturday,True,2024
961,2024-08-18,2024,3,8,August,33,18,Sunday,True,2024
962,2024-08-19,2024,3,8,August,34,19,Monday,False,2024
963,2024-08-20,2024,3,8,August,34,20,Tuesday,False,2024
964,2024-08-21,2024,3,8,August,34,21,Wednesday,False,2024
965,2024-08-22,2024,3,8,August,34,22,Thursday,False,2024
966,2024-08-23,2024,3,8,August,34,23,Friday,False,2024
967,2024-08-24,2024,3,8,August,34,24,Saturday,True,2024
968,2024-08-25,2024,3,8,August,34,25,Sunday,True,2024
969,2024-08-26,2024,3,8,August,35,26,Monday,False,2024
970,2024-08-27,2024,3,8,August,35,27,Tuesday,False,2024
971,2024-08-28,2024,3,8,August,35,28,Wednesday,False,2024
972,2024-08-29,2024,3,8,August,35,29,Thursday,False,2024
973,2024-08-30,2024,3,8,August,35,30,Friday,False,2024
974,2024-08-31,2024,3,8,August,35,31,Saturday,True,2024
975,2024-09-01,2024,3,9,September,35,1,Sunday,True,2024
976,2024-09-02,2024,3,9,September,36,2,Monday,False,2024
977,2024-09-03,2024,3,9,September,36,3,Tuesday,False,2024
978,2024-09-04,2024,3,9,September,36,4,Wednesday,False,2024
979,2024-09-05,2024,3,9,September,36,5,Thursday,False,2024
980,2024-09-06,2024,3,9,September,36,6,Friday,False,2024
981,2024-09-07,2024,3,9,September,36,7,Saturday,True,2024
982,2024-09-08,2024,3,9,September,36,8,Sunday,True,2024
983,2024-09-09,2024,3,9,September,37,9,Monday,False,2024
984,2024-09-10,2024,3,9,September,37,10,Tuesday,False,2024
985,2024-09-11,2024,3,9,September,37,11,Wednesday,False,2024
986,2024-09-12,2024,3,9,September,37,12,Thursday,False,2024
987,2024-09-13,2024,3,9,September,37,13,Friday,False,2024
988,2024-09-14,2024,3,9,September,37,14,Saturday,True,2024
989,2024-09-15,2024,3,9,September,37,15,Sunday,True,2024
990,2024-09-16,2024,3,9,September,38,16,Monday,False,2024
991,2024-09-17,2024,3,9,September,38,17,Tuesday,False,2024
992,2024-09-18,2024,3,9,September,38,18,Wednesday,False,2024
993,2024-09-19,2024,3,9,September,38,19,Thursday,False,2024
994,2024-09-20,2024,3,9,September,38,20,Friday,False,2024
995,2024-09-21,2024,3,9,September,38,21,Saturday,True,2024
996,2024-09-22,2024,3,9,September,38,22,Sunday,True,2024
997,2024-09-23,2024,3,9,September,39,23,Monday,False,2024
998,2024-09-24,2024,3,9,September,39,24,Tuesday,False,2024
999,2024-09-25,2024,3,9,September,39,25,Wednesday,False,2024
1000,2024-09-26,2024,3,9,September,39,26,Thursday,False,2024
1001,2024-09-27,2024,3,9,September,39,27,Friday,False,2024
1002,2024-09-28,2024,3,9,September,39,28,Saturday,True,2024
1003,2024-09-29,2024,3,9,September,39,29,Sunday,True,2024
1004,2024-09-30,2024,3,9,September,40,30,Monday,False,2024
1005,2024-10-01,2024,4,10,October,40,1,Tuesday,False,2024
1006,2024-10-02,2024,4,10,October,40,2,Wednesday,False,2024
1007,2024-10-03,2024,4,10,October,40,3,Thursday,False,2024
1008,2024-10-04,2024,4,10,October,40,4,Friday,False,2024
1009,2024-10-05,2024,4,10,October,40,5,Saturday,True,2024
1010,2024-10-06,2024,4,10,October,40,6,Sunday,True,2024
1011,2024-10-07,2024,4,10,October,41,7,Monday,False,2024
1012,2024-10-08,2024,4,10,October,41,8,Tuesday,False,2024
1013,2024-10-09,2024,4,10,October,41,9,Wednesday,False,2024
1014,2024-10-10,2024,4,10,October,41,10,Thursday,False,2024
1015,2024-10-11,2024,4,10,October,41,11,Friday,False,2024
1016,2024-10-12,2024,4,10,October,41,12,Saturday,True,2024
1017,2024-10-13,2024,4,10,October,41,13,Sunday,True,2024
1018,2024-10-14,2024,4,10,October,42,14,Monday,False,2024
1019,2024-10-15,2024,4,10,October,42,15,Tuesday,False,2024
1020,2024-10-16,2024,4,10,October,42,16,Wednesday,False,2024
1021,2024-10-17,2024,4,10,October,42,17,Thursday,False,2024
1022,2024-10-18,2024,4,10,October,42,18,Friday,False,2024
1023,2024-10-19,2024,4,10,October,42,19,Saturday,True,2024
1024,2024-10-20,2024,4,10,October,42,20,Sunday,True,2024
1025,2024-10-21,2024,4,10,October,43,21,Monday,False,2024
1026,2024-10-22,2024,4,10,October,43,22,Tuesday,False,2024
1027,2024-10-23,2024,4,10,October,43,23,Wednesday,False,2024
1028,2024-10-24,2024,4,10,October,43,24,Thursday,False,2024
1029,2024-10-25,2024,4,10,October,43,25,Friday,False,2024
1030,2024-10-26,2024,4,10,October,43,26,Saturday,True,2024
1031,2024-10-27,2024,4,10,October,43,27,Sunday,True,2024
1032,2024-10-28,2024,4,10,October,44,28,Monday,False,2024
1033,2024-10-29,2024,4,10,October,44,29,Tuesday,False,2024
1034,2024-10-30,2024,4,10,October,44,30,Wednesday,False,2024
1035,2024-10-31,2024,4,10,October,44,31,Thursday,False,2024
1036,2024-11-01,2024,4,11,November,44,1,Friday,False,2024
1037,2024-11-02,2024,4,11,November,44,2,Saturday,True,2024
1038,2024-11-03,2024,4,11,November,44,3,Sunday,True,2024
1039,2024-11-04,2024,4,11,November,45,4,Monday,False,2024
1040,2024-11-05,2024,4,11,November,45,5,Tuesday,False,2024
1041,2024-11-06,2024,4,11,November,45,6,Wednesday,False,2024
1042,2024-11-07,2024,4,11,November,45,7,Thursday,False,2024
1043,2024-11-08,2024,4,11,November,45,8,Friday,False,2024
1044,2024-11-09,2024,4,11,November,45,9,Saturday,True,2024
1045,2024-11-10,2024,4,11,November,45,10,Sunday,True,2024
1046,2024-11-11,2024,4,11,November,46,11,Monday,False,2024
1047,2024-11-12,2024,4,11,November,46,12,Tuesday,False,2024
1048,2024-11-13,2024,4,11,November,46,13,Wednesday,False,2024
1049,2024-11-14,2024,4,11,November,46,14,Thursday,False,2024
1050,2024-11-15,2024,4,11,November,46,15,Friday,False,2024
1051,2024-11-16,2024,4,11,November,46,16,Saturday,True,2024
1052,2024-11-17,2024,4,11,November,46,17,Sunday,True,2024
1053,2024-11-18,2024,4,11,November,47,18,Monday,False,2024
1054,2024-11-19,2024,4,11,November,47,19,Tuesday,False,2024
1055,2024-11-20,2024,4,11,November,47,20,Wednesday,False,2024
1056,2024-11-21,2024,4,11,November,47,21,Thursday,False,2024
1057,2024-11-22,2024,4,11,November,47,22,Friday,False,2024
1058,2024-11-23,2024,4,11,November,47,23,Saturday,True,2024
1059,2024-11-24,2024,4,11,November,47,24,Sunday,True,2024
1060,2024-11-25,2024,4,11,November,48,25,Monday,False,2024
1061,2024-11-26,2024,4,11,November,48,26,Tuesday,False,2024
1062,2024-11-27,2024,4,11,November,48,27,Wednesday,False,2024
1063,2024-11-28,2024,4,11,November,48,28,Thursday,False,2024
1064,2024-11-29,2024,4,11,November,48,29,Friday,False,2024
1065,2024-11-30,2024,4,11,November,48,30,Saturday,True,2024
1066,2024-12-01,2024,4,12,December,48,1,Sunday,True,2024
1067,2024-12-02,2024,4,12,December,49,2,Monday,False,2024
1068,2024-12-03,2024,4,12,December,49,3,Tuesday,False,2024
1069,2024-12-04,2024,4,12,December,49,4,Wednesday,False,2024
1070,2024-12-05,2024,4,12,December,49,5,Thursday,False,2024
1071,2024-12-06,2024,4,12,December,49,6,Friday,False,2024
1072,2024-12-07,2024,4,12,December,49,7,Saturday,True,2024
1073,2024-12-08,2024,4,12,December,49,8,Sunday,True,2024
1074,2024-12-09,2024,4,12,December,50,9,Monday,False,2024
1075,2024-12-10,2024,4,12,December,50,10,Tuesday,False,2024
1076,2024-12-11,2024,4,12,December,50,11,Wednesday,False,2024
1077,2024-12-12,2024,4,12,December,50,12,Thursday,False,2024
1078,2024-12-13,2024,4,12,December,50,13,Friday,False,2024
1079,2024-12-14,2024,4,12,December,50,14,Saturday,True,2024
1080,2024-12-15,2024,4,12,December,50,15,Sunday,True,2024
1081,2024-12-16,2024,4,12,December,51,16,Monday,False,2024
1082,2024-12-17,2024,4,12,December,51,17,Tuesday,False,2024
1083,2024-12-18,2024,4,12,December,51,18,Wednesday,False,2024
1084,2024-12-19,2024,4,12,December,51,19,Thursday,False,2024
1085,2024-12-20,2024,4,12,December,51,20,Friday,False,2024
1086,2024-12-21,2024,4,12,December,51,21,Saturday,True,2024
1087,2024-12-22,2024,4,12,December,51,22,Sunday,True,2024
1088,2024-12-23,2024,4,12,December,52,23,Monday,False,2024
1089,2024-12-24,2024,4,12,December,52,24,Tuesday,False,2024
1090,2024-12-25,2024,4,12,December,52,25,Wednesday,False,2024
1091,2024-12-26,2024,4,12,December,52,26,Thursday,False,2024
1092,2024-12-27,2024,4,12,December,52,27,Friday,False,2024
1093,2024-12-28,2024,4,12,December,52,28,Saturday,True,2024
1094,2024-12-29,2024,4,12,December,52,29,Sunday,True,2024
1095,2024-12-30,2024,4,12,December,1,30,Monday,False,2024
1096,2024-12-31,2024,4,12,December,1,31,Tuesday,False,2024
